[
  {
    "id": 1,
    "image": "user/1.jpg",
    "name": "Pork Lorn",
    "type": "Inbox",
    "text": "Account recovered successfully. Welcome back to your accountIf you suspect you were locked out of your account because of changes made.",
    "time": "11:59 PM",
    "favourite": false
  },
  {
    "id": 2,
    "image": "user/2.png",
    "name": "Dee Deo",
    "type": "Inbox",
    "text": "Art by Jack Daly Apply now: Graphic Designer @Shell The world is changing fast, and Shell is changing too–not only to keep up with the external pace.",
    "time": "09:59 AM",
    "favourite": true
  },
  {
    "id": 3,
    "image": "user/3.jpg",
    "name": "Peg Legge",
    "type": "Inbox",
    "text": "Your password was changed. The password for your Google account was changed. If you didnt change it, you should recover your account.",
    "time": "07:59 AM",
    "favourite": false
  },
  {
    "id": 4,
    "image": "user/4.jpg",
    "name": "Olive Yew",
    "type": "Inbox",
    "text": "Looked up one of the more obscure Latin words, consectetur, from a Lorem Ipsum passage.",
    "time": "05:59 AM",
    "favourite": false
  },
  {
    "id": 5,
    "image": "user/5.jpg",
    "name": "Abby Normal",
    "type": "Inbox",
    "text": "Account recovered successfully. Welcome back to your accountIf you suspect you were locked out of your account because of changes made.",
    "time": "09:29 AM",
    "favourite": false
  },
  {
    "id": 6,
    "image": "user/6.jpg",
    "name": "Clyde Stale",
    "type": "Inbox",
    "text": "Art by Jack Daly Apply now: Graphic Designer @Shell The world is changing fast, and Shell is changing too–not only to keep up with the external pace.",
    "time": "06:03 AM",
    "favourite": false
  },
  {
    "id": 7,
    "image": "user/7.jpg",
    "name": "Art Decco",
    "type": "Inbox",
    "text": "Your password was changed. The password for your Google account was changed. If you didnt change it, you should recover your account.",
    "time": "01:11 AM",
    "favourite": false
  },
  {
    "id": 8,
    "image": "user/7.jpg",
    "name": "Hugo First",
    "type": "Inbox",
    "text": "Account recovered successfully. Welcome back to your accountIf you suspect you were locked out of your account because of changes made.",
    "time": "09:09 AM",
    "favourite": false
  },
  {
    "id": 9,
    "image": "user/7.jpg",
    "name": "Col Fays",
    "type": "Inbox",
    "text": "On the other hand, we denounce with righteous indignation and dislike men who are so beguiled and demoralized by the charms of pleasure of the moment..",
    "time": "06:10 AM",
    "favourite": false
  },
  {
    "id": 10,
    "image": "user/7.jpg",
    "name": "Toi Story",
    "type": "Inbox",
    "text": "Art by Jack Daly Apply now: Graphic Designer @Shell The world is changing fast, and Shell is changing too–not only to keep up with the external pace.",
    "time": "09:59 AM",
    "favourite": false
  },
  {
    "id": 11,
    "image": "user/7.jpg",
    "name": "Jen Tile",
    "type": "Inbox",
    "text": "But I must explain to you how all this mistaken idea of denouncing pleasure and praising pain was born and I will give you a complete account of the system.",
    "time": "00:59 AM",
    "favourite": false
  },
  {
    "id": 12,
    "image": "user/7.jpg",
    "name": "C. Yasoon",
    "type": "Inbox",
    "text": "Art by Jack Daly Apply now: Graphic Designer @Shell The world is changing fast, and Shell is changing too–not only to keep up with the external pace.",
    "time": "05:59 AM",
    "favourite": false
  },
  {
    "id": 13,
    "image": "user/7.jpg",
    "name": "Anne Teak",
    "type": "Inbox",
    "text": "Art by Jack Daly Apply now: Graphic Designer @Shell The world is changing fast, and Shell is changing too–not only to keep up with the external pace.",
    "time": "09:59 AM",
    "favourite": false
  }
]