[
    {
        "id":1,
        "titless": [
            {
                "id": 1,
                "title": "Integrating WordPress with Your Website?"
            },
            {
                "id": 2,
                "title": "WordPress Site Maintenance ?"
            },
            {
                "id": 3,
                "title": "Meta Tags in WordPress ?"
            },
            {
                "id": 4,
                "title": "WordPress in Your Language ?"
            }
        ],
        "abc": true
    },
    {
        "id":2,
        "subTitle": "Intellectual Property",
        "titless": [
            {
                "id": 5,
                "title": "WordPress Site Maintenance ?"
            },
            {
                "id": 6,
                "title": " WordPress in Your Language ?"
            },
            {
                "id": 7,
                "title": "Integrating WordPress with Your Website ?"
            }
        ]
    },
    {
        "id":3,
        "subTitle": "Selling And Buying",
        "titless": [
            {
                "id": 8,
                "title": "WordPress Site Maintenance ?"
            },
            {
                "id": 9,
                "title": "Meta Tags in WordPress ?"
            },
            {
                "id": 10,
                "title": "Validating a Website ?"
            },
            {
                "id": 11,
                "title": "Know Your Sources ?"
            }
        ]
    },
    {
        "id":4,
        "subTitle": "User Accounts",
        "titless": [
            {
                "id": 12,
                "title": "Integrating WordPress with Your Website ?"
            },
            {
                "id": 13,
                "title": "WordPress Site Maintenance ?"
            },
            {
                "id": 14,
                "title": " WordPress in Your Language ?"
            },
            {
                "id": 15,
                "title": " Validating a Website ?"
            },
            {
                "id": 16,
                "title": " Meta Tags in WordPress ?"
            }
        ]
    }
]