{
  "result": {
    "InvoiceData": [
      {
        "id": 1,
        "srNo": "01",
        "imagePath": "dashboard-3/1_1.png",
        "name": "Smith johson Lorn",
        "date": "16 August,2023 5:10am",
        "project": "Business Logo Create",
        "contactNumber": "+1(555) 4585 6859",
        "country": "United Kingdom",
        "amount": "$8435.00",
        "status": "Past Due",
        "progressBar": "progress-bar bg-primary",
        "styleWidth": "50%"
      },
      {
        "id": 2,
        "srNo": "02",
        "imagePath": "dashboard-3/2_2.png",
        "name": "Brown Taylor Jeron",
        "date": "26 Mar,2023 2:10pm",
        "project": "Apply Google Review",
        "contactNumber": "+880 8759 0013",
        "country": "Bangladesh",
        "amount": "$4542.00",
        "status": "Paid",
        "progressBar": "progress-bar bg-success",
        "styleWidth": "70%"
      },
      {
        "id": 3,
        "srNo": "03",
        "imagePath": "dashboard-3/3_3.png",
        "name": "Admas Lopez Perry",
        "date": "06 Aug,2023 3:10am",
        "project": "Recruitment Refrances",
        "contactNumber": "+613201 2546",
        "country": "Australia",
        "amount": "$6140.00",
        "status": "Past Due",
        "progressBar": "progress-bar bg-primary",
        "styleWidth": "90%"
      },
      {
        "id": 4,
        "srNo": "04",
        "imagePath": "dashboard-3/4_4.png",
        "name": "Barker Cartor Ward",
        "date": "22 Sept,2023 2:10pm",
        "project": "Project Research",
        "contactNumber": "+1-684 8759 0013",
        "country": "American Samoa",
        "amount": "$1526.00",
        "status": "Paid",
        "progressBar": "progress-bar bg-success",
        "styleWidth": "80%"
      }
    ]
  }
}