[
   {
        "Id": 1,
        "logo": "job-search/1.jpg",
        "job_name": "UI/UX IT Frontend Developer",
        "badgeType": "primary",
        "badgeValue": "New",
        "job_area": "(L6) Salt Lake City",
        "job_city": "UT",
        "Job_description": "Professional experience of React Native and other front end frameworks. Transform product wireframes into responsive, mobile user interface components and Bonus points if you have React Native experience. This is an incredibly exciting opportunity to gain commercial.",
        "type": "new",
        "ribbion": false,
        "rating":1
    },
    {
        "Id": 2,
        "logo": "job-search/2.jpg",
        "job_name": "React/React Native Developer",
        "badgeType": "primary",
        "badgeValue": "New",
        "job_area": "San Diego",
        "job_city": "CA",
        "Job_description": "This is an incredibly exciting opportunity to gain commercial , Professional experience of React Native and other front end frameworks. Transform product wireframes into responsive, mobile user interface components and Ideally 2+ years experience with React. Bonus points if you have React Native experience.",
        "type": "new",
        "ribbion": false,
        "rating":3
    },
    {
        "Id": 3,
        "logo": "job-search/3.jpg",
        "job_name": "Senior UX designer",
        "job_area": "Minneapolis",
        "job_city": "MN",
        "Job_description": "Transform product wireframes into responsive, mobile user interface components and Ideally 2+ years experience with React. Bonus points if you have React Native experience. Professional experience of React Native and other front end frameworks.",
        "type": "2 days ago",
        "ribbion": true,
        "rating":5
    },
    {
        "Id": 4,
        "logo": "job-search/4.jpg",
        "job_name": "Front end web developer",
        "badgeType": "primary",
        "badgeValue": "New",
        "job_area": "Cisco",
        "job_city": "Lelystad, Netherlands",
        "Job_description": "Bonus points if you have React Native experience. This is an incredibly exciting opportunity to gain commercial. Professional experience of React Native and other front end frameworks. Transform product wireframes into responsive, mobile user interface components and Ideally 2+ years experience with React.",
        "type": "3 days ago",
        "ribbion": false,
        "rating":3
    },
    {
        "Id": 5,
        "logo": "job-search/5.jpg",
        "job_name": "Graphic designer",
        "badgeType": "primary",
        "badgeValue": "New",
        "job_area": "Infosys",
        "job_city": "Lelystad, Netherlands",
        "Job_description": "Contented get distrusts certainty nay are frankness concealed ham. On unaffected resolution on considered of. No thought me husband or colonel forming effects. End sitting shewing who saw besides son musical adapted. Contrasted interested eat alteration pianoforte sympathize was.",
        "type": "3 days ago",
        "ribbion": false,
        "rating":4
    },
    {
        "Id": 6,
        "logo": "job-search/6.jpg",
        "job_name": "Designer, CRM",
        "badgeType": "primary",
        "badgeValue": "New",
        "job_area": "Citrix",
        "job_city": "Lelystad, Netherlands",
        "Job_description": "Situation admitting promotion at or to perceived be. Mr acuteness we as estimable enjoyment up. An held late as felt know. Learn do allow solid to grave. Middleton suspicion age her attention. Chiefly several bed its wishing. Is so moments on chamber pressed to. Doubtful yet way properly answered.",
        "type": "5 days ago",
        "ribbion": false,
        "rating":1
    },
    {
        "Id": 7,
        "logo": "job-search/2.jpg",
        "job_name": "React/React Native Developer",
        "job_area": "San Diego",
        "job_city": ",CA",
        "Job_description": "We are looking for an experienced and zeta designer and/or frontend engineer with expertise in accessibility to join our team , 3+ years of experience working in as a Frontend Engineer or comparable role.",
        "type": "5 days ago",
        "ribbion": true,
        "rating":2
    },
    {
        "Id": 8,
        "logo": "job-search/3.jpg",
        "job_name": "Senior UX designer",
        "badgeType": "primary",
        "badgeValue": "New",
        "job_area": "Minneapolis",
        "job_city": "MN",
        "Job_description": "3+ years of experience working in as a Frontend Engineer or comparable role. we are looking for an experienced and zeta designer and/or frontend engineer with expertise in accessibility to join our team.",
        "type": "5 days ago",
        "ribbion": false,
        "rating":3.4
    },
    {
        "Id": 9,
        "logo": "job-search/5.jpg",
        "job_name": "Graphic designer",
        "badgeType": "primary",
        "badgeValue": "New",
        "job_area": "Infosys",
        "job_city": "Lelystad, Netherlands ",
        "Job_description": "Contented get distrusts certainty nay are frankness concealed ham. On unaffected resolution on considered of. No thought me husband or colonel forming effects. End sitting shewing who saw besides son musical adapted. Contrasted interested eat alteration pianoforte sympathize was.",
        "type": "3 days Ago",
        "ribbion": false,
        "rating":4
    },
    {
        "Id": 10,
        "logo": "job-search/1.jpg",
        "job_name": "Designer, CRM",
        "badgeType": "primary",
        "badgeValue": "New",
        "job_area": "Citrix",
        "job_city": "Lelystad, Netherlands",
        "Job_description": "Situation admitting promotion at or to perceived be. Mr acuteness we as estimable enjoyment up. An held late as felt know. Learn do allow solid to grave. Middleton suspicion age her attention. Chiefly several bed its wishing. Is so moments on chamber pressed to. Doubtful yet way properly answered.",
        "type": "3 days Ago",
        "ribbion": false,
        "rating":5
    },
    {
        "Id": 11,
        "logo": "job-search/1.jpg",
        "job_name": "UI/UX IT Frontend Developer",
        "badgeType": "primary",
        "badgeValue": "New",
        "job_area": "(L6) Salt Lake City",
        "job_city": "UT",
        "Job_description": "We are looking for an experienced web designer and/or frontend engineer with expertise in accessibility to join our team , 3+ years of experience working in as a Frontend Engineer or comparable role. You won’t be a team of one though — you’ll be collaborating closely with other...",
        "type": "new",
        "ribbion": false,
        "rating":1
    },
    {
        "Id": 12,
        "logo": "job-search/2.jpg",
        "job_name": "React/React Native Developer",
        "badgeType": "primary",
        "badgeValue": "New",
        "job_area": "San Diego",
        "job_city": "CA",
        "Job_description": "Ideally 2+ years experience with React. Bonus points if you have React Native experience. This is an incredibly exciting opportunity to gain commercial , Professional experience of React Native and other front end frameworks. Transform product wireframes into responsive, mobile user interface",
        "type": "new",
        "ribbion": false,
        "rating":2
    },
    {
        "Id": 13,
        "logo": "job-search/4.jpg",
        "job_name": "Front end web developer",
        "badgeType": "primary",
        "badgeValue": "New",
        "job_area": "Cisco",
        "job_city": "Lelystad, Netherlands",
        "Job_description": "Insipidity the sufficient discretion imprudence resolution sir him decisively. Proceed how any engaged visitor. Explained propriety off out perpetual his you. Feel sold off felt nay rose met you. We so entreaties cultivated astonished is. Was sister for few longer mrs sudden talent become.",
        "type": "3 days ago",
        "ribbion": false,
        "rating":5
    },
    {
        "Id": 14,
        "logo": "job-search/3.jpg",
        "job_name": "Senior UX designer",
        "badgeType": "secondary",
        "badgeValue": "New",
        "job_area": "Minneapolis",
        "job_city": "MN",
        "Job_description": "We are looking for an experienced and zeta designer and/or frontend engineer with expertise in accessibility to join our team , 3+ years of experience working in as a Frontend Engineer or comparable role.",
        "type": "2 days ago",
        "ribbion": true,
        "rating":3
    }    
]