[
    {
        "id": 1,
        "title": "Any other legal pages I should know about?",
        "text1": "Policies have wide acceptance among editors",
        "text2": "Guidelines are sets of best practices supported.",
        "text2_badge": "New",
        "text3": "Editors should attempt to follow guidelines.",
        "text4": "They are best treated with common sense.",
        "text5": "See More (40)",
        "class": "xl-33 box-col-33 col-md-6"
    },
    {
        "id": 2,
        "title": "Does Moment have an API or automatic export?",
        "text1": "API allows the search and download of AP Images.",
        "text1_badge": "Review",
        "text2": "API retrieve a list of breaking news categories.",
        "text3": "API retrieves rules for a fantasy league.",
        "text3_badge": "Articles",
        "text4": "Resource API retrieves content produced business.",
        "text5": "See More (90)",
        "class": "xl-33 box-col-33 col-md-6"
    },
    {
        "id": 3,
        "title": "How do WordPress theme Site Maintenance?",
        "text1": "Make a backup of your WordPress website.",
        "text2": "Run a wordpress security website check.",
        "text2_badge": "Closed",
        "text3": "Monitor your search engine optimization.",
        "text4": "Set a regular maintenance schedule in Website.",
        "text5": "See More (50)",
        "class": "xl-33 box-col-33 col-md-6"
    },
    {
        "id": 4,
        "title": "Can I change my plan later?",
        "text1": "When an unknown printer took a galley.",
        "text1_badge": "Popular",
        "text2": "You can easily change plans at any time.",
        "text3": "you’ll be charged a prorated cover that upgrade.",
        "text4": "But also the leap into electronic typesetting,",
        "text5": "See More (90)",
        "class": "xl-33 box-col-33 col-md-6"
    },
    {
        "id": 5,
        "title": "How do I pay for the Premium Plan?",
        "text1": "Premium are billed as single yearly payment.",
        "text2": "Monthly plan are bill month of your signup.",
        "text3": "You can set Monthly plan.",
        "text4": "When an unknown printer took a galley",
        "text4_badge": "Closed",
        "text5": "See More (50)",
        "class": "xl-33 box-col-33 col-md-6"
    },
    {
        "id": 6,
        "title": "What is your Shopping Policy",
        "text1": "Many new editors rely on policy interpretations.",
        "text2": "Editor continually attempts to find a different policy.",
        "text3": "Violation of maintaining a neutral point of view.",
        "text3_badge": "Article",
        "text4": "You double check your website sources.",
        "text5": "See More (26)",
        "class": "xl-33 box-col-33 col-md-6"
    },
    {
        "id": 7,
        "title": "How can I change the part?",
        "text1": "You can modify some specific part settings.",
        "text1_badge": "Review",
        "text2": "Click Apply to validate the set preferences.",
        "text3": "Following procedure applies to the part.",
        "text3_badge": "Closed",
        "text4": "To modify those specific part settings.",
        "text5": "See More (10)",
        "class": "xl-33 box-col-33 col-md-6"
    },
    {
        "id": 8,
        "title": "How does it work?",
        "text1": "To get started with your Theme Forest account.",
        "text2": "Compile your theme using gulp",
        "text2_badge": "Popular",
        "text3": "Users can browse by topic or use the visually.",
        "text3_badge": "Review",
        "text4": "This works various methods of site tracking",
        "text5": "See More (21)",
        "class": "xl-33 box-col-33 col-md-6"
    },
    {
        "id": 9,
        "title": "What is Lorem Ipsum?",
        "text1": "Common language regular the existing languages.",
        "text2": "Lorem has been the industry's standard dummy",
        "text3": "Language is not real even ‘Lorem’ does't exist.",
        "text4": "dummy text that is not meant to mean anything.",
        "text4_badge": "On hold",
        "text5": "See More (34)",
        "class": "xl-33 box-col-33"
    }
]