[
    {
        "Id": 1,
        "img": "1.jpg",
        "date": "15 April 2022",
        "writer": "Admin",
        "hits": "0",
        "short_description": [
            "A Web Designing course belongs to the field of Computer Science and IT. It enables students to learn various techniques."
        ],
        "rvalue":2,
        "title": "Web Design"
    },
    {
        "Id": 2,
        "img": "2.jpg",
        "date": "12 May 2022",
        "writer": "Admin",
        "hits": "0",
        "short_description": [
            "This course is designed to start you on a path toward future studies in web development and design."
        ],
        "rvalue":5,
        "title": "Web Development"
    },
    {
        "Id": 3,
        "img": "3.jpg",
        "date": "01 June 2022",
        "writer": "Admin",
        "hits": "0",
        "short_description": [
            "User interface design (UI) is the design for machines and software, such as mobile devices, computers."
        ],
        "rvalue":4,
        "title": "UI Design"
    },
    {
        "Id": 4,
        "img": "4.jpg",
        "date": "04 July 2022",
        "writer": "Admin",
        "hits": "0",
        "short_description": [
            "A Web Designing course belongs to the field of Computer Science and IT. It enables students to learn various techniques."
        ],
        "rvalue":3,
        "title": "Tailwind Design"
    },
    {
        "Id": 5,
        "img": "3.jpg",
        "date": "08 Aug 2022",
        "writer": "Admin",
        "hits": "0",
        "short_description": [
            "User Experience design (UX) is the design for machines and software, such as mobile devices, computers."
        ],
        "rvalue":3,
        "title": "UX Design"
    },
    {
        "Id": 6,
        "img": "4.jpg",
        "date": "15 Dec 2022",
        "writer": "Admin",
        "hits": "0",
        "short_description": [
            "This course is designed to start you on a path toward future studies in web development and design."
        ],
        "rvalue":2,
        "title": "Php Developer"
    },
    {
        "Id": 7,
        "img": "1.jpg",
        "date": "01 Jan 2023",
        "writer": "Admin",
        "hits": "0",
        "short_description": [
            "User interface design (UI) is the design for machines and software, such as mobile devices, computers."
        ],
        "rvalue":3,
        "title": "Graphic Design"
    },
    {
        "Id": 8,
        "img": "2.jpg",
        "date": "15 Dec 2022",
        "writer": "Admin",
        "hits": "0",
        "short_description": [
            "User interface design (UI) is the design for machines and software, such as mobile devices, computers."
        ],
        "rvalue":4,
        "title": "Developer"
    }
]