[
  {
    "id": 1,
    "src": "masonry/1.jpg",
    "width": 4,
    "height": 3
  },
  {
    "id": 2,
    "src": "masonry/2.jpg",
    "width": 1,
    "height": 1
  },
  {
    "id": 3,
    "src": "masonry/3.jpg",
    "width": 3,
    "height": 4
  },
  {
    "id": 4,
    "src": "masonry/4.jpg",
    "width": 3,
    "height": 4
  },
  {
    "id": 5,
    "src": "masonry/5.jpg",
    "width": 3,
    "height": 4
  },
  {
    "id": 6,
    "src": "masonry/6.jpg",
    "width": 4,
    "height": 3
  },
  {
    "id": 7,
    "src": "masonry/7.jpg",
    "width": 3,
    "height": 4
  },
  {
    "id": 8,
    "src": "masonry/8.jpg",
    "width": 4,
    "height": 3
  },
  {
    "id": 9,
    "src": "masonry/9.jpg",
    "width": 4,
    "height": 3
  },
  {
    "id": 10,
    "src": "masonry/10.jpg",
    "width": 3,
    "height": 4
  },
  {
    "id": 11,
    "src": "masonry/11.jpg",
    "width": 4,
    "height": 3
  },
  {
    "id": 12,
    "src": "masonry/12.jpg",
    "width": 4,
    "height": 3
  },
  {
    "id": 13,
    "src": "masonry/13.jpg",
    "width": 4,
    "height": 3
  },
  {
    "id": 14,
    "src": "masonry/14.jpg",
    "width": 4,
    "height": 3
  },
  {
    "id": 15,
    "src": "masonry/15.jpg",
    "width": 4,
    "height": 3
  },
  {
    "id": 16,
    "src": "masonry/1.jpg",
    "width": 4,
    "height": 3
  }
]