[
    {
        "id":1,
        "price":10,
        "disk":50,
        "email":50,
        "band":40,
        "subdomain":10,
        "domain":15
    },
    {
        "id":2,
        "price":10,
        "disk":50,
        "email":50,
        "band":40,
        "subdomain":10,
        "domain":15
    },
    {
        "id":3,
        "price":10,
        "disk":50,
        "email":50,
        "band":40,
        "subdomain":10,
        "domain":15
    },
    {
        "id":4,
        "price":10,
        "disk":50,
        "email":50,
        "band":40,
        "subdomain":10,
        "domain":15
    }
]