[
    {
        "id": 1,
        "title": "Client meeting",
        "collection": "General",
        "desc": "Documentation that is used to explain regarding some attributes of an object to the client."
    },
    {
        "id": 2,
        "title": "Plan webinar",
        "collection": "fs",
        "desc": "There are many tools available for testing websites, we’ve chosen classics: Chrome dev tools."
    },
    {
        "id": 3,
        "title": "Email newsletter",
        "collection": "General",
        "desc": "Use our customizable tools to build newsletters that your customers will want to read."
    },
    {
        "id": 4,
        "title": "Publish podcast",
        "collection": "General",
        "desc": "Digital News Report shows that podcasting is now a worldwide that has become one of the hottest topic."
    },
    {
        "id": 5,
        "title": "Launch website",
        "collection": "General",
        "desc": "Your website needs to step in where your social posts can’t reach."
    },
    {
        "id": 6,
        "title": "Client meeting",
        "collection": "fs",
        "desc": "Documentation that is used to explain regarding some attributes of an object to the client."
    }
]