[
      {
        "id": 0,
        "title": "Check validation involves making sure all your tags are properly closed and nested",
        "status": "pending",
        "badge":"In Progress",
        "badgeclass":"badge-light-primary",
        "timelimit":"10 Nov"
      },
      {
        "id": 1,
        "title": "Test the outgoing links from all the pages to the specific domain under test.",
        "status": "pending",
        "badge":"Pending",
        "badgeclass":"badge-light-danger",
        "timelimit":"04 Aug"
      },
      {
        "id": 2,
        "title": "Test links are used to send emails to admin or other users from web pages.",
        "status": "completed",
        "badge":"Done",
        "badgeclass":"badge-light-success",
        "timelimit":"25 Feb"
      },
      {
        "id": 3,
        "title": "Options to create forms, if any, form deletes a view or modify the forms.",
        "status": "pending",
        "badge":"In Progress",
        "badgeclass":"badge-light-primary",
        "timelimit":"15 Dec"
      },
      {
        "id": 4,
        "title": "Wrong inputs in the forms to the fields in the forms.",
        "status": "pending",
        "badge":"Pending",
        "badgeclass":"badge-light-danger",
        "timelimit":"11 Nov"
      },
      {
        "id": 5,
        "title": "Check if the instructions provided are perfect to satisfy its purpose.",
        "status": "completed",
        "badge":"Done",
        "badgeclass":"badge-light-success",
        "timelimit":"08 July"
      },
      {
        "id": 6,
        "title": "Application server and Database server interface.",
        "status": "completed",
        "badge":"Done",
        "badgeclass":"badge-light-success",
        "timelimit":"08 Sep"
      }
]
